რეგიონი,მუნიციპალიტეტი,სკოლა,"სამუშაოს
ტიპი",შემსრულებელი ორგანიზაცია,სავარაუდო ღირებულება,სახელშეკრულებო თანხა
თბილისი,გლდანი-ნაძალადევი,N11 საჯარო სკოლა,გამაგრ/რეაბ,"შპს ,,ინჟმშენი-2005"""," 50,877.13 ","32,000.00"
თბილისი,გლდანი-ნაძალადევი,N15 საჯარო სკოლა,პროექტ/მშენებლ.,,,
თბილისი,გლდანი-ნაძალადევი,N48 საჯარო სკოლა,გათბობა,"ი/მ ,,თბილი თბილისი ნუგზარ ვანიშვილი"""," 32,881.90 "," 32,881.90 "
თბილისი,გლდანი-ნაძალადევი,N207 საჯარო სკოლა,გამაგრება და სპორტული დარბაზის რეაბ.,"შპს ,,გოდბლესსიუ""
მერაბ სალვარიძე 855 31 60 60,
ამირან ჯოჯიშვილი 855 18 33 99"," 209,313.00 "," 177,109.00 "
თბილისი,დიდუბე-ჩუღურეთი,N36 საჯარო სკოლა,გამაგრ/რეაბ,"შპს ,,კომპანია დავითი"""," 111,425.00 "," 93,100.00 "
თბილისი,დიდუბე-ჩუღურეთი,N198 საჯარო სკოლა,წყალკანალიზაციისა და სადრენაჟე სისტემის რეაბ.–მოწყობა,"შპს ,,გოდბლესსიუ"""," 210,000.00 "," 160,017.00 "
თბილისი,ვაკე-საბურთალო,N55 საჯარო სკოლა,სააქტო დარბაზის რეაბილიტაცია,"შპს ,,სანდრიკა 2008"""," 35,000.00 "," 29,987.11 "
თბილისი,ვაკე-საბურთალო,N195 საჯარო სკოლა,გამაგრ/რეაბ,"შპს ,,კომპანია დავითი"""," 33,256.00 "," 28,000.00 "
თბილისი,ვაკე-საბურთალო, პირველი ექსპერიმენტალური ,ახალი კორპუსის მშენებლობა,"შპს ,,ინჟმშენი-2005"""," 750,000.00 "," 688,114.17 "
თბილისი,ვაკე-საბურთალო,N199 (კომაროვის სახელობის)  ,რეაბილიტაცია,"შპს ,,ჭიათურმშენი” 
ირაკლი ქამუშაძე
891 613131, 895 921212"," 350,000.00 "," 319,000.00 "
თბილისი,ვაკე-საბურთალო,N55 (ბაგების კორპუსი) საჯარო სკოლა,გამაგრ/რეაბ,"შპს ,,ფუნდაშენ""
899 39 99 71
გიორგი ჯაბიძე"," 55,233.00 "," 43,000.47 "
თბილისი,ისანი-სამგორი,N84 საჯარო სკოლა,პროექტირება/მშენებლობა,,,
თბილისი,ისანი-სამგორი,N95 საჯარო სკოლა,გამაგრ/რეაბ,"შპს ,,გონი"""," 87,292.00 "," 71,400.00 "
თბილისი,ისანი-სამგორი,N108 საჯარო სკოლა,გამაგრ/რეაბ,"სს ,,ხურო"""," 386,417.00 "," 138,055.23 "
თბილისი,ისანი-სამგორი,N117 საჯარო სკოლა,სპორტული და სააქტო  დარბაზების რეაბილიტაცია,"შპს ,,ჭიათურმშენი” "," 102,073.00 "," 60,159.22 "
თბილისი,ისანი-სამგორი,N186 საჯარო სკოლა,სპორტული ბლოკის მიმდებარე ფართის რეაბილიტაცია,"შპს ,,გოდბლესსიუ"""," 35,000.00 "," 30,500.00 "
თბილისი,დიდუბე-ჩუღურეთი,N24 საჯარო სკოლა,რეაბილიტაცია,"შპს ,,ბერმუდი +"""," 100,000.00 "," 78,881.07 "
თბილისი,მთაწმინდა-კრწანისი,N42 საჯარო სკოლა,გამაგრ/რეაბ,"შპს ,,ჭიათურმშენი” "," 207,990.00 "," 207,131.14 "
იმერეთი,თერჯოლა,ჩხარის საჯარო სკოლა,ტექ. პირ.უზრ.,"შპს ,,ჯეოსტარი""",," 23,000.00 "
იმერეთი,ტყიბული,N5 საჯარო სკოლა,გამაგრ/რეაბ,"შპს ,,გონი"""," 153,202.00 "," 149,777.00 "
კახეთი,გურჯაანი,კაჭრეთის პროფესიული სწავლების ცენტრი,რეაბილიტაცია,"შპს ,,მეგასერვისცენტრი"""," 610,000.00 "," 450,000.00 "
კახეთი,ლაგოდეხი, ვარდისუბანის საჯარო სკოლა,გამაგრ/რეაბ,"შპს ,,ბერდი"""," 92,067.40 ","90,158.00"
კახეთი,სიღნაღი, ჯუგაანი ,ტექ. პირ.უზრ.,"სს ,,სიღნაღგაზი''",,
კახეთი,ყვარელი,გავაზი,ტექ. პირ.უზრ.,,,
მცხეთა–მთიანეთი,დუშეთი,მლეთა,პროექტირება/მშენებლობა,ახორციელებს სამინისტრო,,
მცხეთა–მთიანეთი,მცხეთა,დიღომი,ტექ. პირ.უზრ.,,,
სამეგრელო–ზემო სვანეთი,ზუგდიდი,შამგონა,მშენებლობა,"შპს ,,ბ–დიზაინი""
899 57-55-64"," 582,345.00 "," 563,940.00 "
სამეგრელო–ზემო სვანეთი,ზუგდიდი,ცაიში,გამაგრ/რეაბ,"შპს ,,ბ–დიზაინი"""," 215,154.77 "," 215,154.77 "
სამეგრელო–ზემო სვანეთი,ჩხოროწყუ,ახუთი,მშენებლობა,"შპს ,,იმერეთმშენი’’
გია ჩარკვიანი 899712858"," 1,100,000.00 "," 930,270.21 "
სამცხე–ჯავახეთი,ახალქალაქი,ბურნაშეთი,რეაბილიტაცია,"შპს ,,აპექსი 2007"""," 296,624.00 "," 277,147.21 "
სამცხე–ჯავახეთი,ახალქალაქი,კოთელია ,მშენებლობა,"შპს ,,აპექსი 2007"""," 240,490.00 "," 190,389.10 "
სამცხე–ჯავახეთი,ბორჯომი,ტაძრისი,ტექ. პირ.უზრ.,,,
ქვემო ქართლი,გარდაბანი,ვაზიანი,ტექ. პირ.უზრ.,,,
ქვემო ქართლი,რუსთავი,N7 საჯარო სკოლა,გათბობა,"ი/მ ,,თბილი თბილისი ნუგზარ ვანიშვილი"""," 12,558.90 "," 12,558.90 "
ქვემო ქართლი,რუსთავი,N9 საჯარო სკოლა,გათბობა,"ი/მ ,,თბილი თბილისი ნუგზარ ვანიშვილი"""," 3,998.10 "," 3,998.10 "
შიდა ქართლი,გორი,N7 საჯარო სკოლა,გამაგრ/რეაბ,"შპს ,,ალავერდი 2008"""," 40,216.00 "," 35,803.30 "
თბილისი,გლდანი-ნაძალადევი,N6 საჯარო სკოლა,სპ.მოედანი,"შპს ,,სპორტსერვისი 21"""," 56,969.00 "," 42,758.02 "
თბილისი,გლდანი-ნაძალადევი,N8 საჯარო სკოლა,სპ.დარბაზი,"შპს ,,ინდუსტრია 2""
ვატო სულაბერიძე
891 60 70 75"," 32,881.00 "," 26,835.73 "
თბილისი,გლდანი-ნაძალადევი,N9 საჯარო სკოლა,სპ.დარბაზი,"შპს ,,ინდუსტრია 2"""," 33,810.00 "," 27,633.80 "
თბილისი,გლდანი-ნაძალადევი,N10 საჯარო სკოლა,სპ.მოედანი,"შპს ,,სპორტსერვისი 21"""," 47,354.00 "," 39,831.41 "
თბილისი,გლდანი-ნაძალადევი,N11 საჯარო სკოლა,სპ.მოედანი,"შპს ,,სპორტსერვისი 21"""," 46,108.00 "," 38,139.57 "
თბილისი,გლდანი-ნაძალადევი,N12 საჯარო სკოლა,სპ.დარბაზი,"შპს ,,ინდუსტრია 2"""," 42,861.00 "," 37,127.19 "
თბილისი,გლდანი-ნაძალადევი,N13 საჯარო სკოლა,სპ.მოედანი,"შპს ,,სპორტსერვისი 21"""," 46,108.00 "," 38,118.38 "
თბილისი,გლდანი-ნაძალადევი,N14 საჯარო სკოლა,სპ.მოედანი,"შპს ,,სპორტსერვისი 21"""," 48,539.00 "," 40,192.20 "
თბილისი,გლდანი-ნაძალადევი,N16 საჯარო სკოლა,სპ.დარბაზი,"შპს ,,ინდუსტრია 2"""," 36,425.00 "," 27,020.30 "
თბილისი,გლდანი-ნაძალადევი,N32 საჯარო სკოლა,სპ.დარბაზი,"შპს ,,ინდუსტრია 2"""," 41,020.00 "," 33,569.50 "
თბილისი,გლდანი-ნაძალადევი,N45 საჯარო სკოლა,სპ.დარბაზი,"შპს ,,მეგასერვისცენტრი""
ზვიად ქოიავა
899 56 00 30"," 81,079.00 "," 40,734.67 "
თბილისი,გლდანი-ნაძალადევი,N48 საჯარო სკოლა,სპ.დარბაზი,"შპს ,,ინდუსტრია 2"""," 3,572.00 "," 1,479.25 "
თბილისი,გლდანი-ნაძალადევი,N59 საჯარო სკოლა,სპ.დარბაზი,"შპს ,,მეგასერვისცენტრი"""," 56,473.00 "," 50,534.10 "
თბილისი,გლდანი-ნაძალადევი,N71 საჯარო სკოლა,სპ.დარბაზი,"შპს ,,ინდუსტრია 2"""," 62,874.00 "," 55,360.12 "
თბილისი,გლდანი-ნაძალადევი,N112 საჯარო სკოლა,სპ.დარბაზი,"შპს ,,ინდუსტრია 2"""," 36,258.00 "," 29,491.94 "
თბილისი,გლდანი-ნაძალადევი,N113 საჯარო სკოლა,სპ.დარბაზი,"შპს ,,მეგასერვისცენტრი"""," 19,592.00 "," 17,327.73 "
თბილისი,გლდანი-ნაძალადევი,N114 საჯარო სკოლა,სპ.დარბაზი,"შპს ,,ინდუსტრია 2"""," 45,711.00 "," 38,814.01 "
თბილისი,გლდანი-ნაძალადევი,N120 საჯარო სკოლა,სპ.დარბაზი,"შპს ,,მეგასერვისცენტრი"""," 61,755.00 "," 51,287.34 "
თბილისი,გლდანი-ნაძალადევი,N129 საჯარო სკოლა,სპ.დარბაზი,"შპს ,,ინდუსტრია 2"""," 36,219.00 "," 33,007.35 "
თბილისი,გლდანი-ნაძალადევი,N132 საჯარო სკოლა,სპ.დარბაზი,"შპს ,,ინდუსტრია 2"""," 19,897.00 "," 17,795.42 "
თბილისი,გლდანი-ნაძალადევი,N133 საჯარო სკოლა,სპ.მოედანი,"შპს ,,სპორტსერვისი 21"""," 51,011.00 "," 41,019.57 "
თბილისი,გლდანი-ნაძალადევი,N141 საჯარო სკოლა,სპ.დარბაზი,"შპს ,,ინდუსტრია 2"""," 41,742.00 "," 35,632.12 "
თბილისი,გლდანი-ნაძალადევი,N142 საჯარო სკოლა,სპ.დარბაზი,"შპს ,,მეგასერვისცენტრი"""," 85,979.00 "," 43,116.15 "
თბილისი,გლდანი-ნაძალადევი,N149 საჯარო სკოლა,სპ.დარბაზი,"შპს ,,ინდუსტრია 2"""," 25,121.00 "," 20,038.54 "
თბილისი,გლდანი-ნაძალადევი,N154 საჯარო სკოლა,სპ.დარბაზი,"შპს ,,მშენებელი"""," 79,331.00 "," 71,819.09 "
თბილისი,გლდანი-ნაძალადევი,N159 საჯარო სკოლა,სპ.დარბაზი,"შპს ,,ინდუსტრია 2"""," 45,689.00 "," 37,315.29 "
თბილისი,გლდანი-ნაძალადევი,N173 საჯარო სკოლა,სპ.დარბაზი,"შპს ,,ინდუსტრია 2"""," 60,198.00 "," 42,061.03 "
თბილისი,გლდანი-ნაძალადევი,N175 საჯარო სკოლა,სპ.დარბაზი,"შპს ,,ინდუსტრია 2"""," 38,190.00 "," 31,952.32 "
თბილისი,გლდანი-ნაძალადევი,N177 საჯარო სკოლა,სპ.დარბაზი,"შპს ,,ინდუსტრია 2"""," 44,587.00 "," 37,447.03 "
თბილისი,გლდანი-ნაძალადევი,N191 საჯარო სკოლა,სპ.დარბაზი,"შპს ,,ინდუსტრია 2"""," 42,555.00 "," 34,797.21 "
თბილისი,გლდანი-ნაძალადევი,ზაჰესი,სპ.დარბაზი,"შპს ,,ინდუსტრია 2"""," 57,470.00 "," 47,388.43 "
თბილისი,გლდანი-ნაძალადევი,"სოფელი
 გლდანი",სპ.დარბაზი,"შპს ,,ინდუსტრია 2"""," 37,214.00 "," 28,424.17 "
თბილისი,დიდგორი,წავკისი,სპ.დარბაზი,"შპს ,,ინჟმშენი-2005"""," 26,496.44 "," 25,764.06 "
თბილისი,დიდუბე-ჩუღურეთი,N2 საჯარო სკოლა,სპ.დარბაზი,"შპს ,,ინდუსტრია 2"""," 30,692.00 "," 22,653.50 "
თბილისი,დიდუბე-ჩუღურეთი,N3 საჯარო სკოლა,სპ.მოედანი,"შპს ,,სპორტსერვისი 21""
897 57 44 77
ტარიელ კვიციანი"," 45,998.00 "," 40,207.60 "
თბილისი,დიდუბე-ჩუღურეთი,N23საჯარო სკოლა,სპ.დარბაზი,"შპს ,,ინდუსტრია 2"""," 49,340.00 "," 39,227.34 "
თბილისი,დიდუბე-ჩუღურეთი,N26 საჯარო სკოლა,სპ.მოედანი,"შპს ,,სპორტსერვისი 21"""," 26,362.00 "," 21,633.25 "
თბილისი,დიდუბე-ჩუღურეთი,N63 საჯარო სკოლა,სპ.დარბაზი,"შპს ,,ინჟმშენი-2005"""," 24,296.11 "," 16,912.11 "
თბილისი,ვაკე-საბურთალო,N52 საჯარო სკოლა,სპ.დარბაზი,"შპს ,,ინჟმშენი-2005"""," 51,038.00 "," 35,606.85 "
თბილისი,ვაკე-საბურთალო,N54 საჯარო სკოლა,სპ.დარბაზი,"შპს ,,ინდუსტრია 2"""," 16,600.00 "," 12,777.86 "
თბილისი,ვაკე-საბურთალო,N60 საჯარო სკოლა,სპ.მოედანი,"შპს ,,სპორტსერვისი 21"""," 40,089.00 "," 32,918.85 "
თბილისი,ვაკე-საბურთალო,N128 საჯარო სკოლა,სპ.მოედანი,"შპს ,,სპორტსერვისი 21"""," 51,011.00 "," 41,038.74 "
თბილისი,ვაკე-საბურთალო,N158 საჯარო სკოლა,სპ.მოედანი,"შპს ,,სპორტსერვისი 21"""," 55,140.00 "," 43,868.59 "
თბილისი,ვაკე-საბურთალო,N165 საჯარო სკოლა,სპ.მოედანი,"შპს ,,კვადრი ჯგუფი"""," 51,011.00 "," 39,581.26 "
თბილისი,ვაკე-საბურთალო,N186 საჯარო სკოლა,სპ.დარბაზი,"შპს ,,ინდუსტრია 2"""," 48,837.00 "," 44,521.47 "
თბილისი,ვაკე-საბურთალო,N192 საჯარო სკოლა,სპ.დარბაზი,"შპს ,,ინდუსტრია 2"""," 30,950.00 "," 25,629.07 "
თბილისი,ვაკე-საბურთალო, პირველი ექსპერიმენტალური ,სპ.დარბაზი,"შპს ,,მშენებელი""
თბილისი, წერეთლის გამზ. #57
გოვენი რუბაშვილი 899 58 87 30"," 23,436.00 "," 22,481.27 "
თბილისი,ისანი-სამგორი,N76 საჯარო სკოლა,სპ.დარბაზი,"შპს ,,ინდუსტრია 2"""," 51,680.00 "," 44,944.42 "
თბილისი,ისანი-სამგორი,N77 საჯარო სკოლა,სპ.დარბაზი,"შპს ,,ინჟმშენი-2005""
895 22 48 88
გოჩა ტაკიძე"," 46,250.09 "," 40,562.85 "
თბილისი,ისანი-სამგორი,N81 საჯარო სკოლა,სპ.მოედანი,"შპს ,,სპორტსერვისი 21"""," 55,000.00 "," 42,116.22 "
თბილისი,ისანი-სამგორი,N84 საჯარო სკოლა,სპ.დარბაზი,"შპს ,,ინჟმშენი-2005"""," 32,242.10 "," 30,801.91 "
თბილისი,ისანი-სამგორი,N89 საჯარო სკოლა,სპ.მოედანი,"შპს ,,კვადრი ჯგუფი""
895 92 77 00 თეიმურაზ კვარაცხელია"," 26,362.00 "," 20,902.87 "
თბილისი,ისანი-სამგორი,N90 საჯარო სკოლა,სპ.დარბაზი,"შპს ,,ინჟმშენი-2005"""," 50,068.01 "," 33,849.14 "
თბილისი,ისანი-სამგორი,N92 საჯარო სკოლა,სპ.დარბაზი,"შპს ,,ინჟმშენი-2005"""," 52,682.98 "," 34,305.73 "
თბილისი,ისანი-სამგორი,N95 საჯარო სკოლა,სპ.მოედანი,"შპს ,,კვადრი ჯგუფი"""," 51,011.00 "," 38,999.04 "
თბილისი,ისანი-სამგორი,N99 საჯარო სკოლა,სპ.დარბაზი,"შპს ,,ინჟმშენი-2005"""," 46,415.01 "," 37,781.11 "
თბილისი,ისანი-სამგორი,N103 საჯარო სკოლა,სპ.დარბაზი,"შპს ,,ინჟმშენი-2005"""," 42,307.34 "," 39,591.39 "
თბილისი,ისანი-სამგორი,N105 საჯარო სკოლა,სპ.დარბაზი,"შპს ,,საფეხბურთო კლუბი ერთობა""
858400478"," 58,893.27 "," 46,084.87 "
თბილისი,ისანი-სამგორი,N107 საჯარო სკოლა,სპ.დარბაზი,"შპს ,,ინდუსტრია 2"""," 42,034.00 "," 42,118.08 "
თბილისი,ისანი-სამგორი,N108 საჯარო სკოლა,სპ.დარბაზი,"შპს ,,ინჟმშენი-2005"""," 43,358.00 "," 40,970.03 "
თბილისი,ისანი-სამგორი,N117 საჯარო სკოლა,სპ.დარბაზი,"შპს ,,ინდუსტრია 2"""," 41,729.00 "," 41,619.80 "
თბილისი,ისანი-სამგორი,N121 საჯარო სკოლა,სპ.მოედანი,"შპს ,,კვადრი ჯგუფი"""," 51,011.00 "," 38,999.04 "
თბილისი,ისანი-სამგორი,N124 საჯარო სკოლა,სპ.მოედანი,"შპს ,,სპორტსერვისი 21"""," 55,000.00 "," 42,116.22 "
თბილისი,ისანი-სამგორი,N131 საჯარო სკოლა,სპ.დარბაზი,"შპს ,,ინდუსტრია 2"""," 28,398.00 "," 28,167.30 "
თბილისი,ისანი-სამგორი,N139 საჯარო სკოლა,სპ.დარბაზი,"შპს ,,საფეხბურთო კლუბი ერთობა"""," 27,261.91 "," 20,045.21 "
თბილისი,ისანი-სამგორი,N157 საჯარო სკოლა,სპ.მოედანი,"შპს ,,კვადრი ჯგუფი"""," 51,011.00 "," 38,999.04 "
თბილისი,ისანი-სამგორი,N163 საჯარო სკოლა,სპ.დარბაზი,"შპს ,,საფეხბურთო კლუბი ერთობა"""," 53,233.59 "," 40,349.19 "
თბილისი,ისანი-სამგორი,N168 საჯარო სკოლა,სპ.მოედანი,"შპს ,,სპორტსერვისი 21"""," 55,000.00 "," 42,116.22 "
თბილისი,ისანი-სამგორი,N172 საჯარო სკოლა,სპ.დარბაზი,"შპს ,,ინჟმშენი-2005"""," 50,044.00 "," 38,761.00 "
თბილისი,ისანი-სამგორი,N176 საჯარო სკოლა,სპ.დარბაზი,"შპს ,,საფეხბურთო კლუბი ერთობა"""," 55,257.82 "," 45,599.61 "
თბილისი,ისანი-სამგორი,N178 საჯარო სკოლა,სპ.დარბაზი,"შპს ,,გოდბლესსიუ"""," 56,914.92 "," 45,950.00 "
თბილისი,ისანი-სამგორი,N179 საჯარო სკოლა,სპ.დარბაზი,"შპს ,,საფეხბურთო კლუბი ერთობა"""," 42,983.88 "," 32,024.33 "
თბილისი,ისანი-სამგორი,N180 საჯარო სკოლა,სპ.მოედანი,"შპს ,,სპორტსერვისი 21"""," 55,000.00 "," 42,116.22 "
თბილისი,ისანი-სამგორი,დ/ ლილოს,სპ.მოედანი,"შპს ,,კვადრი ჯგუფი"""," 51,184.00 "," 39,581.26 "
თბილისი,ისანი-სამგორი,ვარკეთილი,სპ.დარბაზი,"შპს ,,ლეროგე""
ფრიდონ ბერაძე
899 18 76 11"," 28,000.00 "," 22,600.00 "
თბილისი,ისანი-სამგორი,ნასაგური,სპ.მოედანი,"შპს ,,კვადრი ჯგუფი"""," 46,211.00 "," 29,834.60 "
თბილისი,ისანი-სამგორი,წინუბანი,სპ.დარბაზი,"შპს ,,საფეხბურთო კლუბი ერთობა"""," 41,802.32 "," 32,422.34 "
თბილისი,მთაწმინდა-კრწანისი,N21 საჯარო სკოლა,სპ.დარბაზი,"შპს ,,ინდუსტრია 2"""," 78,839.00 "," 72,476.61 "
თბილისი,მთაწმინდა-კრწანისი,N42 საჯარო სკოლა,სპ.დარბაზი,"შპს ,,ინჟმშენი-2005"""," 111,926.00 "," 82,000.00 "
თბილისი,მთაწმინდა-კრწანისი,N47საჯარო სკოლა,სპ.დარბაზი,"შპს ,,ინდუსტრია 2"""," 70,115.00 "," 64,204.18 "
თბილისი,მთაწმინდა-კრწანისი,N50 საჯარო სკოლა,სპ.დარბაზი,"შპს ,,ინჟმშენი-2005"""," 24,619.00 "," 19,144.32 "
თბილისი,მთაწმინდა-კრწანისი,N58 საჯარო სკოლა,სპ.დარბაზი,"შპს ,,ინჟმშენი-2005"""," 44,729.00 "," 34,587.33 "
თბილისი,მთაწმინდა-კრწანისი,N65 საჯარო სკოლა,სპ.დარბაზი,"შპს ,,ინდუსტრია 2"""," 45,244.00 "," 39,354.52 "
თბილისი,მთაწმინდა-კრწანისი,N68 საჯარო სკოლა,სპ.დარბაზი,"შპს ,,ინჟმშენი-2005"""," 72,250.00 "," 58,382.27 "
თბილისი,მთაწმინდა-კრწანისი,N75 საჯარო სკოლა,სპ.მოედანი,"შპს ,,სპორტსერვისი 21"""," 40,149.00 "," 32,673.81 "
თბილისი,მთაწმინდა-კრწანისი,N144 საჯარო სკოლა,სპ.დარბაზი,"შპს ,,ინდუსტრია 2"""," 39,026.00 "," 34,633.47 "
თბილისი,მთაწმინდა-კრწანისი,N183 საჯარო სკოლა,სპ.დარბაზი,"შპს ,,ინდუსტრია 2"""," 34,021.00 "," 28,331.22 "
თბილისი,მთაწმინდა-კრწანისი,N193 საჯარო სკოლა,სპ.მოედანი,"შპს ,,კვადრი ჯგუფი"""," 26,362.00 "," 20,902.87 "
კახეთი,ახმეტა,ახმეტის N1საჯარო,რეაბილიტაცია (აღმ),"შპს ,,აპექსი 2007""
თბილისი, წერეთლის ქ. #141ა
ვასილ ჯმუხაძე, თნგიზ ჯმუხაძე
874 78 38 18"," 50,700.00 "," 46,678.90 "
კახეთი,ახმეტა,მატნის N2 საჯარო,რეაბილიტაცია (აღმ),"შპს ,,აპექსი 2007"""," 44,500.00 "," 31,387.30 "
კახეთი,ახმეტა,ოჟიოს საჯარო,რეაბილიტაცია (აღმ),"შპს ,,აპექსი 2007"""," 29,800.00 "," 22,255.30 "
კახეთი,თელავი,ლაფანყურის საჯარო,რეაბილიტაცია (აღმ),"შპს ,,აპექსი 2007"""," 35,000.00 "," 30,116.00 "
კახეთი,თელავი,ფშავლის საჯარო,რეაბილიტაცია (აღმ),"შპს ,,აპექსი 2007"""," 90,000.00 "," 69,562.50 "
კახეთი,გურჯაანი,კალაურის საჯარო,რეაბილიტაცია (აღმ),"შპს ,,აპექსი 2007"""," 25,000.00 "," 18,301.00 "
კახეთი,გურჯაანი,ჩალაუბნის საჯარო,რეაბილიტაცია (აღმ),"შპს ,,აპექსი 2007"""," 100,000.00 "," 87,663.60 "
კახეთი,საგარეჯო,გომბორის საჯარო,რეაბილიტაცია (აღმ),"შპს ,,აპექსი 2007"""," 86,000.00 "," 67,099.40 "
კახეთი,საგარეჯო,პატარა ჩაილურის საჯარო,რეაბილიტაცია (აღმ),"შპს ,,აპექსი 2007"""," 39,000.00 "," 31,936.00 "
კახეთი,სიღნაღი,მაღაროს საჯარო,რეაბილიტაცია (აღმ),"შპს ,,ხურო""
თბილისი, უზნაძის ქ. #41
გიორგი რეხვიაშვილი,
ალექსანდრე ჩალაძე
895 25 27 63"," 50,000.00 "," 41,450.60 "
კახეთი,სიღნაღი,საქობოს საჯარო,რეაბილიტაცია (აღმ),"შპს ,,ხურო"""," 75,000.00 "," 68,188.60 "
კახეთი,დედოფლისწყარო,არხილოსკალოს საჯარო,რეაბილიტაცია (აღმ),"შპს ,,ხურო"""," 32,000.00 "," 22,296.60 "
კახეთი,დედოფლისწყარო,მირზაანის საჯარო,რეაბილიტაცია (აღმ),"შპს ,,ხურო"""," 71,000.00 "," 52,475.80 "
კახეთი,დედოფლისწყარო,სამთაწყაროს საჯარო,რეაბილიტაცია (აღმ),"შპს ,,ხურო"""," 22,000.00 "," 19,588.50 "
კახეთი,ლაგოდეხი,აფენის საჯარო,რეაბილიტაცია (აღმ),"შპს ,,ხურო"""," 125,000.00 "," 82,082.40 "
კახეთი,ყვარელი,ალმატის საჯარო,რეაბილიტაცია (აღმ),"შპს ,,ხურო"""," 25,000.00 "," 23,038.90 "
კახეთი,ყვარელი,შილდის N1 საჯარო,რეაბილიტაცია (აღმ),"შპს ,,ხურო"""," 100,000.00 "," 76,878.70 "
ქვემო ქართლი,რუსთავი,N1 საჯარო სკოლა,რეაბილიტაცია (აღმ),"შპს ,,ხურო"""," 25,000.00 "," 20,518.04 "
ქვემო ქართლი,რუსთავი,N2 საჯარო,რეაბილიტაცია (აღმ),"შპს ,,ხურო"""," 25,000.00 "," 18,182.29 "
ქვემო ქართლი,რუსთავი,N3 საჯარო,რეაბილიტაცია (აღმ),"შპს ,,ხურო"""," 25,000.00 "," 21,638.60 "
ქვემო ქართლი,რუსთავი,N4 საჯარო,რეაბილიტაცია (აღმ),"შპს ,,ხურო"""," 25,000.00 "," 20,215.83 "
ქვემო ქართლი,რუსთავი,N5 საჯარო,რეაბილიტაცია (აღმ),"შპს ,,ხურო"""," 25,000.00 "," 20,653.17 "
ქვემო ქართლი,რუსთავი,N6 საჯარო,რეაბილიტაცია (აღმ),"შპს ,,ხურო"""," 25,000.00 "," 20,484.46 "
ქვემო ქართლი,რუსთავი,N7 საჯარო,რეაბილიტაცია (აღმ),"შპს ,,ხურო"""," 25,000.00 "," 22,760.31 "
ქვემო ქართლი,რუსთავი,N8 საჯარო,რეაბილიტაცია (აღმ),"შპს ,,ხურო"""," 25,000.00 "," 19,334.83 "
ქვემო ქართლი,რუსთავი,N9 საჯარო,რეაბილიტაცია (აღმ),"შპს ,,ხურო"""," 25,000.00 "," 20,347.17 "
ქვემო ქართლი,რუსთავი,N10 საჯარო,რეაბილიტაცია (აღმ),"შპს ,,ხურო"""," 25,000.00 "," 22,569.37 "
ქვემო ქართლი,რუსთავი,N11 საჯარო,რეაბილიტაცია (აღმ),"შპს ,,ხურო"""," 25,000.00 "," 20,819.59 "
ქვემო ქართლი,რუსთავი,N12 საჯარო,რეაბილიტაცია (აღმ),"შპს ,,ხურო"""," 25,000.00 "," 21,249.83 "
ქვემო ქართლი,რუსთავი,N13 საჯარო,რეაბილიტაცია (აღმ),"შპს ,,ხურო"""," 25,000.00 "," 16,571.82 "
ქვემო ქართლი,რუსთავი,N14 საჯარო,რეაბილიტაცია (აღმ),"შპს ,,ხურო"""," 25,000.00 "," 21,018.00 "
ქვემო ქართლი,რუსთავი,N15საჯარო,რეაბილიტაცია (აღმ),"შპს ,,ხურო"""," 25,000.00 "," 22,979.30 "
ქვემო ქართლი,რუსთავი,N16 საჯარო,რეაბილიტაცია (აღმ),"შპს ,,ხურო"""," 25,000.00 "," 21,315.10 "
ქვემო ქართლი,რუსთავი,N17საჯარო,რეაბილიტაცია (აღმ),"შპს ,,ხურო"""," 25,000.00 "," 21,313.40 "
ქვემო ქართლი,რუსთავი,N18 საჯარო,რეაბილიტაცია (აღმ),"შპს ,,ხურო"""," 25,000.00 "," 20,959.00 "
ქვემო ქართლი,რუსთავი,N20 საჯარო,რეაბილიტაცია (აღმ),"შპს ,,ხურო"""," 25,000.00 "," 19,806.80 "
ქვემო ქართლი,რუსთავი,N21 საჯარო,რეაბილიტაცია (აღმ),"შპს ,,ხურო"""," 25,000.00 "," 19,607.30 "
ქვემო ქართლი,რუსთავი,N22 საჯარო,რეაბილიტაცია (აღმ),"შპს ,,ხურო"""," 25,000.00 "," 21,746.50 "
ქვემო ქართლი,რუსთავი,N23 საჯარო,რეაბილიტაცია (აღმ),"შპს ,,ხურო"""," 25,000.00 "," 20,993.20 "
ქვემო ქართლი,რუსთავი,N24 საჯარო,რეაბილიტაცია (აღმ),"შპს ,,ხურო"""," 25,000.00 "," 21,793.10 "
ქვემო ქართლი,რუსთავი,N25 საჯარო,რეაბილიტაცია (აღმ),"შპს ,,ხურო"""," 25,000.00 "," 20,079.90 "
ქვემო ქართლი,რუსთავი,N26 საჯარო,რეაბილიტაცია (აღმ),"შპს ,,ხურო"""," 25,000.00 "," 19,824.30 "
ქვემო ქართლი,რუსთავი,N28 საჯარო,რეაბილიტაცია (აღმ),"შპს ,,ხურო"""," 25,000.00 "," 18,721.70 "
ქვემო ქართლი,ბოლნისი,სოფელ ბოლნისის საჯარო,რეაბილიტაცია (აღმ),"შპს ,,ხურო"""," 90,000.00 "," 71,054.00 "
ქვემო ქართლი,დმანისი,გომარეთის საჯარო,რეაბილიტაცია (აღმ),"შპს ,,ხურო"""," 70,000.00 "," 37,671.60 "
ქვემო ქართლი,წალკა,კიზილკილისას საჯარო,რეაბილიტაცია (აღმ),"შპს ,,ხურო"""," 65,000.00 "," 40,043.10 "
ქვემო ქართლი,თეთრიწყარო,ჭივჭავის საჯარო,რეაბილიტაცია (აღმ),"შპს ,,ხურო"""," 70,000.00 "," 61,231.33 "
ქვემო ქართლი,მარნეული,N2 საჯარო,რეაბილიტაცია (აღმ),"შპს ,,ხურო"""," 115,000.00 "," 84,197.40 "
ქვემო ქართლი,მარნეული,N5 საჯარო,რეაბილიტაცია (აღმ),"შპს ,,ხურო"""," 50,000.00 "," 35,434.60 "
ქვემო ქართლი,გარდაბანი,ახალსოფლის საჯარო,რეაბილიტაცია (აღმ),"შპს ,,ხურო"""," 40,000.00 "," 30,794.70 "
სამცხე–ჯავახეთი,ადიგენი,გომაროს საჯარო,რეაბილიტაცია (აღმ),"შპს ,,აპექსი 2007"""," 7,000.00 "," 4,563.60 "
სამცხე–ჯავახეთი,ადიგენი,უდის N1 საჯარო,რეაბილიტაცია (აღმ),"შპს ,,აპექსი 2007"""," 77,000.00 "," 55,825.70 "
სამცხე–ჯავახეთი,ადიგენი,უდის N2 საჯარო,რეაბილიტაცია (აღმ),"შპს ,,აპექსი 2007"""," 49,000.00 "," 29,083.30 "
სამცხე–ჯავახეთი,ადიგენი,ფხეროს საჯარო,რეაბილიტაცია (აღმ),"შპს ,,აპექსი 2007"""," 11,000.00 "," 6,616.60 "
სამცხე–ჯავახეთი,ადიგენი,ქვემო ენთელის საჯარო,რეაბილიტაცია (აღმ),"შპს ,,აპექსი 2007"""," 11,000.00 "," 6,533.50 "
სამცხე–ჯავახეთი,ადიგენი,ხევაშენის საჯარო,რეაბილიტაცია (აღმ),"შპს ,,აპექსი 2007"""," 10,000.00 "," 5,837.70 "
სამცხე–ჯავახეთი,ახალციხე,აწყურის საჯარო,რეაბილიტაცია (აღმ),"შპს ,,აპექსი 2007"""," 58,400.00 "," 32,308.70 "
სამცხე–ჯავახეთი,ახალციხე,მუსხის საჯარო,რეაბილიტაცია (აღმ),"შპს ,,აპექსი 2007"""," 58,300.00 "," 43,141.20 "
სამცხე–ჯავახეთი,ახალციხე,ფერსის საჯარო,რეაბილიტაცია (აღმ),"შპს ,,აპექსი 2007"""," 58,300.00 "," 36,089.70 "
სამცხე–ჯავახეთი,ასპინძა,აწყვიტის საჯარო,რეაბილიტაცია (აღმ),"შპს ,,სამშენებლო კომპანია ახალი სტილი""
თამაზ მაჩალაძე 877 40 04 14,
იზოლდა კრიჭაშვილი 871 67 02 50"," 9,500.00 "," 7,945.50 "
სამცხე–ჯავახეთი,ასპინძა,ზველის საჯარო,რეაბილიტაცია (აღმ),"შპს ,,სამშენებლო კომპანია ახალი სტილი"""," 9,300.00 "," 8,017.10 "
სამცხე–ჯავახეთი,ასპინძა,იდუმალის საჯარო,რეაბილიტაცია (აღმ),"შპს ,,სამშენებლო კომპანია ახალი სტილი"""," 9,900.00 "," 7,626.00 "
სამცხე–ჯავახეთი,ასპინძა,ნაქალაქევის საჯარო,რეაბილიტაცია (აღმ),"შპს ,,სამშენებლო კომპანია ახალი სტილი"""," 17,800.00 "," 13,745.00 "
სამცხე–ჯავახეთი,ასპინძა,ოთის საჯარო,რეაბილიტაცია (აღმ),"შპს ,,სამშენებლო კომპანია ახალი სტილი"""," 7,800.00 "," 7,531.20 "
სამცხე–ჯავახეთი,ასპინძა,ორგორის საჯარო,რეაბილიტაცია (აღმ),"შპს ,,სამშენებლო კომპანია ახალი სტილი"""," 29,400.00 "," 25,467.50 "
სამცხე–ჯავახეთი,ასპინძა,ოშორის საჯარო,რეაბილიტაცია (აღმ),"შპს ,,სამშენებლო კომპანია ახალი სტილი"""," 6,800.00 "," 4,733.10 "
სამცხე–ჯავახეთი,ასპინძა,რუსთავის საჯარო,რეაბილიტაცია (აღმ),"შპს ,,სამშენებლო კომპანია ახალი სტილი"""," 26,800.00 "," 19,824.50 "
სამცხე–ჯავახეთი,ასპინძა,ტოლოშის საჯარო,რეაბილიტაცია (აღმ),"შპს ,,სამშენებლო კომპანია ახალი სტილი"""," 24,900.00 "," 21,013.80 "
სამცხე–ჯავახეთი,ასპინძა,ჭობარეთის საჯარო,რეაბილიტაცია (აღმ),"შპს ,,სამშენებლო კომპანია ახალი სტილი"""," 15,000.00 "," 11,826.60 "
სამცხე–ჯავახეთი,ასპინძა,ხიზაბავრის საჯარო,რეაბილიტაცია (აღმ),"შპს ,,სამშენებლო კომპანია ახალი სტილი"""," 7,800.00 "," 6,615.70 "
სამცხე–ჯავახეთი,ახალქალაქი,აგანის საჯარო,რეაბილიტაცია (აღმ),"შპს ,,სამშენებლო კომპანია ახალი სტილი"""," 30,000.00 "," 23,703.90 "
სამცხე–ჯავახეთი,ახალქალაქი,ალასტანის საჯარო,რეაბილიტაცია (აღმ),"შპს ,,სამშენებლო კომპანია ახალი სტილი"""," 20,000.00 "," 13,464.20 "
სამცხე–ჯავახეთი,ახალქალაქი,არგვას საჯარო,რეაბილიტაცია (აღმ),"შპს ,,სამშენებლო კომპანია ახალი სტილი"""," 15,000.00 "," 10,327.80 "
სამცხე–ჯავახეთი,ახალქალაქი,ზაკის საჯარო,რეაბილიტაცია (აღმ),"შპს ,,სამშენებლო კომპანია ახალი სტილი"""," 35,000.00 "," 26,295.30 "
სამცხე–ჯავახეთი,ახალქალაქი,მაჭატიას საჯარო,რეაბილიტაცია (აღმ),"შპს ,,სამშენებლო კომპანია ახალი სტილი"""," 30,000.00 "," 19,821.00 "
სამცხე–ჯავახეთი,ახალქალაქი,პტენის საჯარო,რეაბილიტაცია (აღმ),"შპს ,,სამშენებლო კომპანია ახალი სტილი"""," 15,000.00 "," 11,308.20 "
სამცხე–ჯავახეთი,ახალქალაქი,ხავეთის საჯარო,რეაბილიტაცია (აღმ),"შპს ,,სამშენებლო კომპანია ახალი სტილი"""," 20,000.00 "," 14,233.60 "
სამცხე–ჯავახეთი,ბორჯომი,ბაკურიანის საჯარო,რეაბილიტაცია (აღმ),"შპს ,,ხურო"""," 45,000.00 "," 28,550.40 "
სამცხე–ჯავახეთი,ბორჯომი,ბორჯომის N6 საჯარო,რეაბილიტაცია (აღმ),"შპს ,,ხურო"""," 25,000.00 "," 16,151.80 "
სამცხე–ჯავახეთი,ბორჯომი,დვირის საჯარო,რეაბილიტაცია (აღმ),"შპს ,,ხურო"""," 30,000.00 "," 19,335.60 "
სამცხე–ჯავახეთი,ბორჯომი,წაღვერის საჯარო,რეაბილიტაცია (აღმ),"შპს ,,ხურო"""," 25,000.00 "," 16,046.60 "
სამცხე–ჯავახეთი,ბორჯომი,ჭობისხევის საჯარო,რეაბილიტაცია (აღმ),"შპს ,,ხურო"""," 40,000.00 "," 28,248.40 "
სამცხე–ჯავახეთი,ნინოწმინდა,დიდი გონდურის საჯარო,რეაბილიტაცია (აღმ),"შპს ,,ხურო"""," 25,000.00 "," 16,060.70 "
სამცხე–ჯავახეთი,ნინოწმინდა,დიდი ხანჩალის საჯარო,რეაბილიტაცია (აღმ),"შპს ,,ხურო"""," 15,000.00 "," 17,383.90 "
სამცხე–ჯავახეთი,ნინოწმინდა,ვლადიმიროვკის საჯარო,რეაბილიტაცია (აღმ),"შპს ,,ხურო"""," 20,000.00 "," 17,328.70 "
სამცხე–ჯავახეთი,ნინოწმინდა,ოროჯოლარის საჯარო,რეაბილიტაცია (აღმ),"შპს ,,ხურო"""," 15,000.00 "," 9,590.30 "
სამცხე–ჯავახეთი,ნინოწმინდა,ჟდანოვაკანის საჯარო,რეაბილიტაცია (აღმ),"შპს ,,ხურო"""," 15,000.00 "," 9,326.90 "
სამცხე–ჯავახეთი,ნინოწმინდა,სამების საჯარო,რეაბილიტაცია (აღმ),"შპს ,,ხურო"""," 15,000.00 "," 9,252.70 "
სამცხე–ჯავახეთი,ნინოწმინდა,ფოკის საჯარო,რეაბილიტაცია (აღმ),"შპს ,,ხურო"""," 25,000.00 "," 16,004.20 "
სამცხე–ჯავახეთი,ნინოწმინდა,ყაურმის საჯარო,რეაბილიტაცია (აღმ),"შპს ,,ხურო"""," 15,000.00 "," 8,919.80 "
სამცხე–ჯავახეთი,ნინოწმინდა,ყულალისის საჯარო,რეაბილიტაცია (აღმ),"შპს ,,ხურო"""," 20,000.00 "," 12,843.40 "
მცხეთა–მთიანეთი,დუშეთი,ანანურის საჯარო სკოლის გარეთ არსებული დაწყკლასების ციხისძირის შენობა,რეაბილიტაცია (აღმ),"შპს ,,ხურო"""," 15,000.00 "," 12,301.80 "
მცხეთა–მთიანეთი,დუშეთი,არღუნის საჯარო,რეაბილიტაცია (აღმ),"შპს ,,ხურო"""," 19,000.00 "," 7,022.20 "
მცხეთა–მთიანეთი,დუშეთი,პავლეურის საჯარო,რეაბილიტაცია (აღმ),"შპს ,,ხურო"""," 27,000.00 "," 23,331.70 "
მცხეთა–მთიანეთი,დუშეთი,პირმისაანთკარის საჯარო,რეაბილიტაცია (აღმ),"შპს ,,ხურო"""," 26,000.00 "," 17,306.10 "
მცხეთა–მთიანეთი,დუშეთი,შუაფხოს საჯარო,რეაბილიტაცია (აღმ),"შპს ,,ხურო"""," 27,000.00 "," 21,739.20 "
მცხეთა–მთიანეთი,დუშეთი,ჩირიკის საჯარო,რეაბილიტაცია (აღმ),"შპს ,,ხურო"""," 27,000.00 "," 22,683.90 "
მცხეთა–მთიანეთი,დუშეთი,წითლიანების საჯარო,რეაბილიტაცია (აღმ),"შპს ,,ხურო"""," 24,000.00 "," 20,826.00 "
მცხეთა–მთიანეთი,დუშეთი,ჭართალის საჯარო,რეაბილიტაცია (აღმ),"შპს ,,ხურო"""," 43,000.00 "," 25,711.90 "
მცხეთა–მთიანეთი,დუშეთი,ხანდოს საჯარო,რეაბილიტაცია (აღმ),"შპს ,,ხურო"""," 24,000.00 "," 19,218.20 "
მცხეთა–მთიანეთი,ყაზბეგი,არშას საჯარო,რეაბილიტაცია (აღმ),"შპს ,,ხურო"""," 15,000.00 "," 13,285.50 "
მცხეთა–მთიანეთი,ყაზბეგი,გორისციხის საჯარო,რეაბილიტაცია (აღმ),"შპს ,,ხურო"""," 15,000.00 "," 13,577.40 "
მცხეთა–მთიანეთი,ყაზბეგი,სნოს საჯარო,რეაბილიტაცია (აღმ),"შპს ,,ხურო"""," 30,000.00 "," 27,996.10 "
მცხეთა–მთიანეთი,თიანეთი,ზარიძეების საჯარო,რეაბილიტაცია (აღმ),"შპს ,,ჭიათურმშენი” "," 44,000.00 "," 29,912.00 "
მცხეთა–მთიანეთი,თიანეთი,თიანეთის N1 საჯარო,რეაბილიტაცია (აღმ),"შპს ,,ჭიათურმშენი” "," 55,000.00 "," 35,690.30 "
მცხეთა–მთიანეთი,თიანეთი,ჟებოტას საჯარო,რეაბილიტაცია (აღმ),"შპს ,,ჭიათურმშენი” "," 15,000.00 "," 10,069.90 "
მცხეთა–მთიანეთი,თიანეთი,სიმონიანთხევის საჯაროს მიერთებული გორანას დაწყებითი,რეაბილიტაცია (აღმ),"შპს ,,ჭიათურმშენი” "," 20,000.00 "," 16,816.20 "
მცხეთა–მთიანეთი,მცხეთა,ერედის საჯარო,რეაბილიტაცია (აღმ),"შპს ,,ჭიათურმშენი” "," 95,000.00 "," 72,990.80 "
მცხეთა–მთიანეთი,მცხეთა,ლისის საჯარო,რეაბილიტაცია (აღმ),"შპს ,,ჭიათურმშენი” "," 20,000.00 "," 20,276.60 "
მცხეთა–მთიანეთი,მცხეთა,მსხალდიდის საჯარო,რეაბილიტაცია (აღმ),"შპს ,,ჭიათურმშენი” "," 3,000.00 "," 1,897.50 "
მცხეთა–მთიანეთი,მცხეთა,ჩარდახის საჯარო,რეაბილიტაცია (აღმ),"შპს ,,ჭიათურმშენი” "," 90,000.00 "," 73,770.10 "
მცხეთა–მთიანეთი,მცხეთა,ძეგვის საჯარო,რეაბილიტაცია (აღმ),"შპს ,,ჭიათურმშენი” "," 40,000.00 "," 38,576.50 "
შიდა ქართლი,კასპი,ახალციხის საჯარო,რეაბილიტაცია (აღმ),"შპს ,,აპექსი 2007"""," 150,000.00 "," 119,757.80 "
შიდა ქართლი,ქარელი,მოხისის საჯარო,რეაბილიტაცია (აღმ),"შპს ,,აპექსი 2007"""," 100,000.00 "," 69,743.00 "
შიდა ქართლი,ქარელი,ქვემო ხვედურეთის საჯარო,რეაბილიტაცია (აღმ),"შპს ,,აპექსი 2007"""," 30,000.00 "," 20,499.10 "
შიდა ქართლი,გორი,ატენის საჯარო,რეაბილიტაცია (აღმ),"შპს ,,მშენებელი""
თბილისი, წერეთლის გამზ. #57
გოვენი რუბაშვილი 899 58 87 30"," 70,000.00 "," 60,838.00 "
შიდა ქართლი,ხაშური,N1საჯარო,რეაბილიტაცია (აღმ),"შპს ,,მშენებელი"""," 17,300.00 "," 15,138.00 "
შიდა ქართლი,ხაშური,N5საჯარო,რეაბილიტაცია (აღმ),"შპს ,,მშენებელი"""," 68,550.00 "," 72,184.00 "
შიდა ქართლი,ხაშური,N7საჯარო,რეაბილიტაცია (აღმ),"შპს ,,მშენებელი"""," 39,100.00 "," 31,091.00 "
შიდა ქართლი,ხაშური,სურამის N2საჯარო,რეაბილიტაცია (აღმ),"შპს ,,მშენებელი"""," 25,050.00 "," 21,748.00 "
გურია,ლანჩხუთი,ნიგვზიანის საჯარო,რეაბილიტაცია (დას),"შპს ,,დეველოპმენტ 
ბუილდინგ კომპანი""
თბილისი, ალ. ყაზბეგის გამზ. #1
რამაზ მჭედლიშვილი 37 22 22,
ცოტნე ცანავა 899 00 00 50,
ნათია 877 54 41 04"," 38,000.00 "," 21,722.56 "
გურია,ლანჩხუთი,ქვიანის საჯარო,რეაბილიტაცია (დას),"შპს ,,დეველოპმენტ 
ბუილდინგ კომპანი"""," 15,000.00 "," 13,246.23 "
გურია,ლანჩხუთი,ღრმაღელის საჯარო,რეაბილიტაცია (დას),"შპს ,,დეველოპმენტ 
ბუილდინგ კომპანი"""," 10,000.00 "," 6,471.71 "
გურია,ლანჩხუთი,ჩიბათის საჯარო,რეაბილიტაცია (დას),"შპს ,,დეველოპმენტ 
ბუილდინგ კომპანი"""," 35,000.00 "," 24,002.57 "
გურია,ჩოხატაური,გოგოლესუბნის საჯარო,რეაბილიტაცია (დას),"შპს ,,დეველოპმენტ 
ბუილდინგ კომპანი"""," 20,000.00 "," 12,213.00 "
გურია,ჩოხატაური,შუაფარცხმის საჯარო,რეაბილიტაცია (დას),"შპს ,,დეველოპმენტ 
ბუილდინგ კომპანი"""," 34,855.00 "," 21,659.32 "
გურია,ჩოხატაური,ჩხაკოურის საჯარო,რეაბილიტაცია (დას),"შპს ,,დეველოპმენტ 
ბუილდინგ კომპანი"""," 20,000.00 "," 14,604.71 "
გურია,ჩოხატაური,ხიდისთავის საჯარო,რეაბილიტაცია (დას),"შპს ,,დეველოპმენტ 
ბუილდინგ კომპანი"""," 70,000.00 "," 53,991.18 "
გურია,ოზურგეთი,ლაითურის საჯარო,რეაბილიტაცია (დას),"შპს ,,აპექსი 2007"""," 70,145.00 "," 55,448.10 "
გურია,ოზურგეთი,ოზურგეთის N1 საჯარო,რეაბილიტაცია (დას),"შპს ,,აპექსი 2007"""," 140,000.00 "," 115,424.20 "
გურია,ოზურგეთი,სოფ. ოზურგეთის საჯარო,რეაბილიტაცია (დას),"შპს ,,აპექსი 2007"""," 22,000.00 "," 14,127.70 "
იმერეთი,ქუთაისი,N4 საჯარო,რეაბილიტაცია (დას),"შპს ,,დეველოპმენტ 
ბუილდინგ კომპანი""
თბილისი, ალ. ყაზბეგის გამზ. #1
რამაზ მჭედლიშვილი 37 22 22,
ცოტნე ცანავა 899 00 00 50,
ნათია 877 54 41 04"," 190,000.00 "," 110,103.36 "
იმერეთი,ქუთაისი,N17 საჯარო,რეაბილიტაცია (დას),"შპს ,,დეველოპმენტ 
ბუილდინგ კომპანი"""," 140,000.00 "," 105,748.30 "
იმერეთი,ქუთაისი,N33 საჯარო,რეაბილიტაცია (დას),"შპს ,,დეველოპმენტ 
ბუილდინგ კომპანი""
თბილისი, ალ. ყაზბეგის გამზ. #1
რამაზ მჭედლიშვილი 37 22 22,
ცოტნე ცანავა 899 00 00 50,
ნათია 877 54 41 04"," 140,000.00 "," 90,855.01 "
იმერეთი,ქუთაისი,N35 საჯარო,რეაბილიტაცია (დას),"შპს ,,დეველოპმენტ 
ბუილდინგ კომპანი"""," 140,000.00 "," 114,865.34 "
იმერეთი,თერჯოლა,ახალთერჯოლის საჯარო,რეაბილიტაცია (დას),"შპს ,,დეველოპმენტ 
ბუილდინგ კომპანი"""," 90,000.00 "," 53,438.08 "
იმერეთი,ქუთაისი,N37 საჯარო,რეაბილიტაცია (დას),"შპს ,,დეველოპმენტ 
ბუილდინგ კომპანი"""," 140,000.00 "," 117,112.65 "
იმერეთი,ხონი,კონტუათის საჯარო,რეაბილიტაცია (დას),"შპს ,,დეველოპმენტ 
ბუილდინგ კომპანი"""," 75,000.00 "," 46,873.08 "
იმერეთი,ხონი,ძეძილეთის საჯარო,რეაბილიტაცია (დას),"შპს ,,დეველოპმენტ 
ბუილდინგ კომპანი"""," 25,000.00 "," 15,300.25 "
იმერეთი,ზესტაფონი,საზანოს N1საჯარო,რეაბილიტაცია (დას),"შპს ,,გრანდმშენი""
საჩხერე, 26 მაისის ქ. #41
ბადრი ცეხიშვილი 899 15 53 26"," 23,000.00 "," 18,769.74 "
იმერეთი,ზესტაფონი,შორაპნის საჯარო,რეაბილიტაცია (დას),"შპს ,,გრანდმშენი"""," 20,000.00 "," 11,815.92 "
იმერეთი,ზესტაფონი,შროშის საჯარო,რეაბილიტაცია (დას),"შპს ,,გრანდმშენი"""," 36,000.00 "," 13,000.60 "
იმერეთი,ზესტაფონი,ცხრაწყაროს საჯარო,რეაბილიტაცია (დას),"შპს ,,გრანდმშენი"""," 21,000.00 "," 10,756.06 "
იმერეთი,ჭიათურა,პერევისის საჯარო,რეაბილიტაცია (დას),"შპს ,,გრანდმშენი"""," 27,500.00 "," 19,185.57 "
იმერეთი,ჭიათურა,ქვაციხის საჯარო,რეაბილიტაცია (დას),"შპს ,,გრანდმშენი"""," 12,500.00 "," 7,184.40 "
იმერეთი,ჭიათურა,შუქრუთის საჯარო,რეაბილიტაცია (დას),"შპს ,,გრანდმშენი"""," 27,500.00 "," 14,983.92 "
იმერეთი,ჭიათურა,ჭიათურის N3 საჯარო,რეაბილიტაცია (დას),"შპს ,,გრანდმშენი"""," 32,500.00 "," 23,194.87 "
იმერეთი,ხარაგაული,მოლითის საჯარო,რეაბილიტაცია (დას),"შპს ,,გრანდმშენი"""," 80,000.00 "," 64,411.58 "
იმერეთი,ხარაგაული,წიფის საჯარო,რეაბილიტაცია (დას),"შპს ,,გრანდმშენი"""," 10,000.00 "," 8,867.20 "
იმერეთი,ბაღდათი,დიმის N1 საჯარო,რეაბილიტაცია (დას),"შპს ,,გრანდმშენი"""," 10,000.00 "," 9,328.71 "
იმერეთი,ბაღდათი,დიმის N2 საჯარო,რეაბილიტაცია (დას),"შპს ,,გრანდმშენი"""," 10,000.00 "," 7,130.81 "
იმერეთი,ბაღდათი,ზეგნის (საბაზო) საჯარო,რეაბილიტაცია (დას),"შპს ,,გრანდმშენი"""," 30,000.00 "," 16,987.98 "
იმერეთი,ბაღდათი,ზეგნის საჯარო,რეაბილიტაცია (დას),"შპს ,,გრანდმშენი"""," 20,000.00 "," 14,219.65 "
იმერეთი,ბაღდათი,როხის საჯარო,რეაბილიტაცია (დას),"შპს ,,გრანდმშენი"""," 30,000.00 "," 16,717.30 "
იმერეთი,ვანი,ისრითის საჯარო,რეაბილიტაცია (დას),"შპს ,,გრანდმშენი"""," 49,000.00 "," 32,247.88 "
იმერეთი,ვანი,ძულუხის საჯარო,რეაბილიტაცია (დას),"შპს ,,გრანდმშენი"""," 41,000.00 "," 28,225.34 "
იმერეთი,სამტრედია,დიდი ჯიხაიშის N3 საჯარო,რეაბილიტაცია (დას),"შპს ,,გრანდმშენი"""," 20,000.00 "," 15,077.14 "
იმერეთი,სამტრედია,ნაბაკევის საჯარო,რეაბილიტაცია (დას),"შპს ,,გრანდმშენი"""," 10,000.00 "," 6,494.70 "
იმერეთი,სამტრედია,ნოღის საჯარო (ტოლების თემი),რეაბილიტაცია (დას),"შპს ,,გრანდმშენი"""," 25,000.00 "," 16,385.96 "
იმერეთი,სამტრედია,სამტრედიის N2 საჯარო,რეაბილიტაცია (დას),"შპს ,,გრანდმშენი"""," 10,000.00 "," 5,600.30 "
იმერეთი,სამტრედია,სამტრედიის N6 საჯარო,რეაბილიტაცია (დას),"შპს ,,გრანდმშენი"""," 25,000.00 "," 18,932.27 "
იმერეთი,წყალტუბო,წყალტუბოს N3 საჯარო,რეაბილიტაცია (დას),"შპს ,,ხურო"""," 100,000.00 "," 72,686.90 "
რაჭა–ლეჩხუმი და ქვ.სვანეთი,ლენტეხი,ფანაგის საჯარო,რეაბილიტაცია (დას),"შპს ,,ხურო"""," 20,000.00 "," 13,448.20 "
რაჭა–ლეჩხუმი და ქვ.სვანეთი,ონი,ონის საჯარო,რეაბილიტაცია (დას),"შპს ,,ხურო"""," 92,000.00 "," 67,143.60 "
რაჭა–ლეჩხუმი და ქვ.სვანეთი,ონი,სორის საჯარო,რეაბილიტაცია (დას),"შპს ,,ხურო"""," 23,000.00 "," 16,310.40 "
რაჭა–ლეჩხუმი და ქვ.სვანეთი,ცაგერი,ზუბის საჯარო,რეაბილიტაცია (დას),"შპს ,,ხურო"""," 16,000.00 "," 10,213.50 "
რაჭა–ლეჩხუმი და ქვ.სვანეთი,ცაგერი,ლასურიაშის საჯარო,რეაბილიტაცია (დას),"შპს ,,ხურო"""," 16,000.00 "," 11,467.30 "
რაჭა–ლეჩხუმი და ქვ.სვანეთი,ცაგერი,უსახელოს საჯარო,რეაბილიტაცია (დას),"შპს ,,ხურო"""," 11,000.00 "," 10,519.30 "
რაჭა–ლეჩხუმი და ქვ.სვანეთი,ცაგერი,"ქულბაქის სკოლა (ჩხუმის
 საჯარო სკოლასთან ოპტიმიზებული)",რეაბილიტაცია (დას),"შპს ,,ხურო"""," 8,000.00 "," 6,710.80 "
იმერეთი,ტყიბული,საწირის საჯარო,რეაბილიტაცია (დას),"შპს ,,ჯეოსტარ""
თერჯოლა, ჭანტურიას ქ. #57
ვალერიან რობაქიძე 899 72 64 98, იოსებ ისაკაძე 895 50 06 61"," 90,000.00 "," 63,571.70 "
რაჭა–ლეჩხუმი და ქვ.სვანეთი,ამბროლაური,ამბროლაურის N1 საჯარო,რეაბილიტაცია (დას),"შპს ,,ჯეოსტარ"""," 40,000.00 "," 21,210.30 "
რაჭა–ლეჩხუმი და ქვ.სვანეთი,ამბროლაური,ამბროლაურის N2 საჯარო,რეაბილიტაცია (დას),"შპს ,,ჯეოსტარ"""," 13,500.00 "," 12,669.50 "
რაჭა–ლეჩხუმი და ქვ.სვანეთი,ამბროლაური,ბუგეულის საჯარო,რეაბილიტაცია (დას),"შპს ,,ჯეოსტარ"""," 56,500.00 "," 30,231.50 "
რაჭა–ლეჩხუმი და ქვ.სვანეთი,ამბროლაური,ურავის საჯარო,რეაბილიტაცია (დას),"შპს ,,ჯეოსტარ"""," 50,000.00 "," 44,317.10 "
სამეგრელო–ზემო სვანეთი,აბაშა,აბაშის N2 საჯარო,რეაბილიტაცია (დას),"შპს ,,ელიტმშენი""
სენაკი, წმინდა ნინოს ქ. #8
კობა ლატარია 871 78 91 51"," 50,000.00 "," 27,063.36 "
სამეგრელო–ზემო სვანეთი,აბაშა,პირველი მაისის საჯარო,რეაბილიტაცია (დას),"შპს ,,ელიტმშენი"""," 20,000.00 "," 12,728.50 "
სამეგრელო–ზემო სვანეთი,აბაშა,სამიქაოს საჯარო,რეაბილიტაცია (დას),"შპს ,,ელიტმშენი"""," 10,000.00 "," 8,085.61 "
სამეგრელო–ზემო სვანეთი,აბაშა,ქოლობანის საჯარო,რეაბილიტაცია (დას),"შპს ,,ელიტმშენი"""," 10,000.00 "," 7,498.89 "
სამეგრელო–ზემო სვანეთი,აბაშა,წყემის საჯარო,რეაბილიტაცია (დას),"შპს ,,ელიტმშენი"""," 10,000.00 "," 6,975.44 "
სამეგრელო–ზემო სვანეთი,სენაკი,ძველი სენაკის საჯარო,რეაბილიტაცია (დას),"შპს ,,ელიტმშენი"""," 130,000.00 "," 88,462.14 "
სამეგრელო–ზემო სვანეთი,ზუგდიდი, N5 საჯარო,რეაბილიტაცია (დას),"შპს ,,კავკაზ ტაუერსი""
თბილისი, ჭიჭინაძის ქ.#29
ზურაბ ნერგაძე 858 13 19 18"," 10,000.00 "," 9,834.00 "
სამეგრელო–ზემო სვანეთი,ზუგდიდი, N9 საჯარო,რეაბილიტაცია (დას),"შპს ,,კავკაზ ტაუერსი"""," 130,000.00 "," 84,660.00 "
სამეგრელო–ზემო სვანეთი,ზუგდიდი,ინგირის N1 საჯარო,რეაბილიტაცია (დას),"შპს ,,კავკაზ ტაუერსი"""," 120,000.00 "," 98,419.70 "
სამეგრელო–ზემო სვანეთი,მესტია,ხაიშის საჯარო,რეაბილიტაცია (დას),"შპს ,,კავკაზ ტაუერსი"""," 46,000.00 "," 39,249.50 "
სამეგრელო–ზემო სვანეთი,ფოთი,ფოთის N3 საჯარო,რეაბილიტაცია (დას),"შპს ,,გოდბლესსიუ"""," 400,000.00 "," 285,200.96 "
სამეგრელო–ზემო სვანეთი,მარტვილი,აბედათის საჯარო,რეაბილიტაცია (დას),"შპს ,,დეველოპმენტ 
ბუილდინგ კომპანი""
თბილისი, ალ. ყაზბეგის გამზ. #1
რამაზ მჭედლიშვილი 37 22 22,
ცოტნე ცანავა 899 00 00 50,
ნათია 877 54 41 04"," 45,000.00 "," 27,461.33 "
სამეგრელო–ზემო სვანეთი,მარტვილი,ბალდის საჯარო,რეაბილიტაცია (დას),"შპს ,,დეველოპმენტ 
ბუილდინგ კომპანი"""," 40,000.00 "," 25,829.71 "
სამეგრელო–ზემო სვანეთი,მარტვილი,დიდიჭყონის #1 საჯარო,რეაბილიტაცია (დას),"შპს ,,დეველოპმენტ 
ბუილდინგ კომპანი"""," 45,000.00 "," 38,181.19 "
სამეგრელო–ზემო სვანეთი,ჩხოროწყუ,ზუმის საჯარო,რეაბილიტაცია (დას),"შპს ,,დეველოპმენტ 
ბუილდინგ კომპანი"""," 100,000.00 "," 65,742.05 "
ქვემო ქართლი,რუსთავი,N11 საჯარო,რეაბილიტაცია (აღმ),"შპს ,,ხურო"""," 20,000.00 "," 18,986.82 "
ქვემო ქართლი,რუსთავი,N3 საჯარო,რეაბილიტაცია (აღმ),"შპს ,,ხურო"""," 20,000.00 "," 18,821.74 "
ქვემო ქართლი,რუსთავი,N13 საჯარო,რეაბილიტაცია (აღმ),"შპს ,,ხურო"""," 20,000.00 "," 19,592.87 "
ქვემო ქართლი,რუსთავი,N21 საჯარო,რეაბილიტაცია (აღმ),"შპს ,,ხურო"""," 35,000.00 "," 32,770.32 "
ქვემო ქართლი,რუსთავი,N7 საჯარო,რეაბილიტაცია (აღმ),"შპს ,,ხურო"""," 20,000.00 "," 18,383.84 "
სამეგრელო–ზემო სვანეთი,ზუგდიდი,N5 საჯარო,რეაბილიტაცია (დას),"შპს ,,კავკაზ ტაუერსი"""," 154,794.00 "," 115,000.00 "
თბილისი,ისანი-სამგორი,N76 საჯარო,სპ.დარბაზი,"შპს ,,კავკაზ ტაუერსი"""," 10,014.98 "," 8,871.89 "
თბილისი,ისანი-სამგორი,N107 საჯარო,სპ.დარბაზი,"შპს ,,კავკაზ ტაუერსი"""," 6,914.58 "," 6,757.39 "
თბილისი,ისანი-სამგორი,N131 საჯარო,სპ.დარბაზი,"შპს ,,კავკაზ ტაუერსი"""," 6,372.86 "," 6,391.84 "
თბილისი,ისანი-სამგორი,N117 საჯარო,სპ.დარბაზი,"შპს ,,კავკაზ ტაუერსი"""," 2,380.51 "," 1,626.17 "
თბილისი,გლდანი-ნაძალადევი,N16 საჯარო,სპ.დარბაზი,"შპს ,,ბერმუდი +"""," 30,000.00 "," 24,464.09 "
თბილისი,გლდანი-ნაძალადევი,N48 საჯარო,სპ.დარბაზი,"შპს ,,ბერმუდი +"""," 3,000.00 "," 2,670.86 "
თბილისი,გლდანი-ნაძალადევი,ზაჰესის საჯარო,სპ.დარბაზი,"შპს ,,ბერმუდი +"""," 35,000.00 "," 33,865.05 "
სამცხე–ჯავახეთი,ადიგენი,გომაროს საჯარო,რეაბილიტაცია (აღმ),"შპს ,,დივა"" 
დიმიტრი ჩიხრაძე
899 49 65 08"," 7,000.00 "," 4,505.93 "
სამცხე–ჯავახეთი,ადიგენი,უდის N1 საჯარო,რეაბილიტაცია (აღმ),"შპს ,,დივა"" "," 77,000.00 "," 61,647.38 "
სამცხე–ჯავახეთი,ადიგენი,უდის N2 საჯარო,რეაბილიტაცია (აღმ),"შპს ,,დივა"" "," 49,000.00 "," 3,711.47 "
სამცხე–ჯავახეთი,ადიგენი,ფხეროს საჯარო,რეაბილიტაცია (აღმ),"შპს ,,დივა"" "," 11,000.00 "," 6,052.86 "
სამცხე–ჯავახეთი,ადიგენი,ქვემო ენთელის საჯარო,რეაბილიტაცია (აღმ),"შპს ,,დივა"" "," 11,000.00 "," 6,568.47 "
სამცხე–ჯავახეთი,ადიგენი,ხევაშენის საჯარო,რეაბილიტაცია (აღმ),"შპს ,,დივა"" "," 10,000.00 "," 6,173.09 "
სამცხე–ჯავახეთი,ახალციხე,აწყურის საჯარო,რეაბილიტაცია (აღმ),"შპს ,,დივა"" "," 58,400.00 "," 19,360.49 "
სამცხე–ჯავახეთი,ახალციხე,მუსხის საჯარო,რეაბილიტაცია (აღმ),"შპს ,,დივა"" "," 58,300.00 "," 45,029.65 "
სამცხე–ჯავახეთი,ახალციხე,ფერსის საჯარო,რეაბილიტაცია (აღმ),"შპს ,,დივა"" "," 58,300.00 "," 36,628.92 "
ქვემო ქართლი,კასპი,ახალციხის საჯარო,რეაბილიტაცია (აღმ),"შპს ,,მშენკომპლექსი"" ",," 96,001.05 "
ქვემო ქართლი,ქარელი,ქვემო ხვედურეთის საჯარო,რეაბილიტაცია (აღმ),"შპს ,,მშენკომპლექსი"" ",," 23,997.02 "
გურია,ოზურგეთი,ოზურგეთის N1 საჯარო,რეაბილიტაცია (დას),"შპს ,,სამშენებლო კომპანია ახალი სტილი""",," 250,156.10 "
გურია,ოზურგეთი,ლაითურის საჯარო,რეაბილიტაცია (დას),"შპს ,,სამშენებლო კომპანია ახალი სტილი""",," 61,368.44 "
გურია,ოზურგეთი,სოფ. ოზურგეთის საჯარო,რეაბილიტაცია (დას),"შპს ,,სამშენებლო კომპანია ახალი სტილი""",," 13,475.45 "
თბილისი,გლდანი-ნაძალადევი,სოფ.გლდანის საჯარო,სპ.დარბაზი,"შპს ,,მეგასერვისცენტრი"""," 31,000.00 "," 30,968.14 "
თბილისი,გლდანი-ნაძალადევი,№8,სპ.დარბაზი,"შპს ,,მეგასერვისცენტრი"""," 20,000.00 "," 19,985.54 "
თბილისი,გლდანი-ნაძალადევი,№71,სპ.დარბაზი,"შპს ,,მეგასერვისცენტრი"""," 43,000.00 "," 42,994.21 "
თბილისი,გლდანი-ნაძალადევი,№132,სპ.დარბაზი,"შპს ,,მეგასერვისცენტრი"""," 22,000.00 "," 21,997.68 "
თბილისი,გლდანი-ნაძალადევი,№159,სპ.დარბაზი,"შპს ,,მეგასერვისცენტრი"""," 47,000.00 "," 45,054.43 "
თბილისი,გლდანი-ნაძალადევი,№16,გათბობა,"შპს ,,დივა"" "," 5,000.00 "," 4,973.46 "
თბილისი,დიდუბე-ჩუღურეთი,№23,გათბობა,"შპს ,,დივა"" "," 6,000.00 "," 5,895.01 "
ქვემო ქართლი,გარდაბანი,ვარკეთილის საჯარო,გათბობა,"შპს ,,დივა"" "," 65,000.00 "," 58,542.30 "
თბილისი,მთაწმინდა–კრწანისი,№49,გათბობა,,,
თბილისი,მთაწმინდა–კრწანისი,№50,გათბობა,," 7,111.16 ",
თბილისი,გლდანი-ნაძალადევი,№71,გათბობა,," 16,000.00 ",
თბილისი,ისანი–სამგორი,№90,გათბობა,," 12,000.00 ",
თბილისი,ისანი–სამგორი,№92,გათბობა,,,
თბილისი,ვაკე-საბურთალო,№126,გათბობა,," 58,081.09 ",
თბილისი,ვაკე-საბურთალო,№198 (№62 სკოლის ყოფილი მე–2 კორპუსი),გათბობა,,,
თბილისი,გლდანი-ნაძალადევი,№173,გათბობა,," 3,900.00 ",
ქვემო ქართლი,რუსთავი,№7,გათბობა,," 8,000.00 ",
იმერეთი,თერჯოლა,№2,გათბობა,," 2,174.54 ",
კახეთი,დედოფლისწყარო,№2,გათბობა,," 1,800.00 ",
სამეგრელო–ზემო სვანეთი,ზუგდიდი,№6,გათბობა,,,
ქვემო ქართლი,გარდაბანი,კოჯრის საჯარო,გათბობა,,,
ქვემო ქართლი,გარდაბანი,ფონიჭალის საჯარო,გათბობა,," 75,000.00 ",
სამეგრელო–ზემო სვანეთი,სენაკი,მენჯის საჯარო,გათბობა,,,
სამეგრელო–ზემო სვანეთი,მარტვილი,№1,გათბობა,," 10,074.76 ",
იმერეთი,ხონი,№2,გათბობა,,,
სამცხე–ჯავახეთი,ახალქალაქი,ბურნაშეთის საჯარო,გათბობა,," 19,304.41 ",
თბილისი,გლდანი-ნაძალადევი,№69,გათბობა,,,
თბილისი,გლდანი-ნაძალადევი,№119,გათბობა,,,
თბილისი,გლდანი-ნაძალადევი,№159,გათბობა,,,
თბილისი,გლდანი-ნაძალადევი,№191,გათბობა,,,
თბილისი,ვაკე-საბურთალო,№195,გათბობა,,,
ქვემო ქართლი,თეთრიწყარო,მანგლისის №1,გათბობა,,,
რაჭა–ლეჩხუმი და ქვ.სვანეთი,ცაგერი,№1,გათბობა,,,
